url,status_code,deep,response_time,body_length,body_entropy,js_code_entropy,has_password_field,has_file_upload,has_hidden_fields,num_links,num_html_link,other_link_ratio,n_redirects,num_balise_a,num_balise_img,num_balise_script,num_balise_link,num_balise_style,num_balise_iframe,num_balise_video,num_balise_audio,num_balise_embed,num_balise_object,num_balise_form,num_balise_meta,num_balise_cite,strict_transport_security,x_frame_options,x_content_type_options,content_security_policy,x_xss_protection,referrer_policy,permissions_policy,tech_wordpress,tech_joomla,tech_drupal,tech_laravel,tech_django,tech_express,tech_php,tech_aspnet,tech_jquery,tech_angular,tech_react,total_passive_issues,passive_high_count,passive_critical_count,code_body_total_vulns,code_body_critical_vulns,code_body_medium_vulns,code_body_high_vulns,code_body_low_vulns,code_body_max_score,code_scripts_total_vulns,code_scripts_high_vulns,code_scripts_critical_vulns,code_scripts_medium_vulns,code_scripts_low_vulns,fuzzer_SQLi,fuzzer_CMDi,fuzzer_InsecDeser,fuzzer_InsecUpload,fuzzer_BufOvr,fuzzer_CredsExpose,fuzzer_BrokenAuth,fuzzer_XSS,fuzzer_DirTrav,fuzzer_XXE,fuzzer_NoSQLi,fuzzer_LDAPi,fuzzer_InsecPerm,fuzzer_IDOR,fuzzer_SessFix,fuzzer_SSRF,fuzzer_SSTI,fuzzer_Prototype_Pollution,fuzzer_HTTP_Request_Smuggling,fuzzer_XPATH_Injection,fuzzer_GraphQLi,fuzzer_CORS,fuzzer_CSRF,fuzzer_RateLimit,fuzzer_InfoDisc,fuzzer_InsecCrypto,fuzzer_OpenRedirect,fuzzer_JWT,fuzzer_CRLF_Injection,fuzzer_RaceCondition,num_active_test,fuzer_ratio_vuln,fuzzer_ratio_indicators_matched,fuzzer_ration_status_changed,fuzzer_ratio_headers_changed,fuzzer_ratio_body_changed,fuzzer_max_score,labels
http://localhost:5050/orders/ssrf-url_fetch_json_webhook,405,0,3.5,153,4.599963902086099,0.0,0,0,0,0,0,0.0,0,0,0,0,0,0,0,0,0,0,0,0,0,0,0,0,0,0,0,0,0,0,0,0,0,0,0,0,0,0,0,0,8,3,0,0,0,0,0,0,0.0,0,0,0,0,0,0,0,1,0,0,0,0,0,0,0,1,0,0,1,0,1,0,1,0,0,1,0,0,0,0,0,0,0,0,0,589,0.2,0.0831918505942275,1.0,0.66553480475382,1.0,63.24,['SSRF']
http://localhost:5050/orders/ssti-custom_template_field_form,405,0,0.02,153,4.599963902086099,0.0,0,0,0,0,0,0.0,0,0,0,0,0,0,0,0,0,0,0,0,0,0,0,0,0,0,0,0,0,0,0,0,0,0,0,0,0,0,0,0,8,3,0,0,0,0,0,0,0.0,0,0,0,0,0,0,0,0,0,0,0,0,0,0,0,0,0,0,1,0,0,0,0,0,0,0,0,0,0,0,0,0,0,0,0,1389,0.03333333333333333,0.0,0.9978401727861771,0.8560115190784737,0.14398848092152627,60.83,['SSTI']
http://localhost:5050/orders/ssti-message_field_json,405,0,0.27,153,4.599963902086099,0.0,0,0,0,0,0,0.0,0,0,0,0,0,0,0,0,0,0,0,0,0,0,0,0,0,0,0,0,0,0,0,0,0,0,0,0,0,0,0,0,8,3,0,0,0,0,0,0,0.0,0,0,0,0,0,0,0,0,0,0,0,0,0,0,0,0,0,0,1,0,0,0,0,0,0,0,0,0,0,0,0,0,0,0,0,1388,0.03333333333333333,0.0,0.9978386167146974,0.8566282420749279,0.9978386167146974,60.83,['SSTI']
http://localhost:5050/orders/xpath_injection-login_xpath_concat,405,0,1.73,153,4.599963902086099,0.0,0,0,0,0,0,0.0,0,0,0,0,0,0,0,0,0,0,0,0,0,0,0,0,0,0,0,0,0,0,0,0,0,0,0,0,0,0,0,0,8,3,0,0,0,0,0,0,0.0,0,0,0,0,0,0,0,0,0,0,0,0,0,0,0,0,0,0,1,0,0,0,0,0,0,0,0,0,0,0,0,0,0,0,0,1386,0.03333333333333333,0.0,1.0,0.8578643578643579,1.0,60.83,['XPATH_Injection']
http://localhost:5050/orders/prototype_pollution-deep_merge_preferences,405,0,3.55,153,4.599963902086099,0.0,0,0,0,0,0,0.0,0,0,0,0,0,0,0,0,0,0,0,0,0,0,0,0,0,0,0,0,0,0,0,0,0,0,0,0,0,0,0,0,8,3,0,0,0,0,0,0,0.0,0,0,0,0,0,0,0,0,0,0,0,0,0,0,0,0,0,0,1,0,0,0,0,0,0,0,0,0,0,0,0,0,0,0,0,1386,0.03333333333333333,0.0,1.0,0.8578643578643579,1.0,60.83,['Prototype_Pollution']
http://localhost:5050/orders/ssrf-url_fetch_form_image_import,405,0,0.3,153,4.599963902086099,0.0,0,0,0,0,0,0.0,0,0,0,0,0,0,0,0,0,0,0,0,0,0,0,0,0,0,0,0,0,0,0,0,0,0,0,0,0,0,0,0,8,3,0,0,0,0,0,0,0.0,0,0,0,0,0,0,0,0,0,0,0,0,0,0,0,0,0,0,1,0,0,0,0,0,0,0,0,0,0,0,0,0,0,0,0,1386,0.03333333333333333,0.0,1.0,0.8578643578643579,1.0,60.83,['SSRF']
http://localhost:5050/orders/prototype_pollution-deep_merge_settings,405,0,0.3,153,4.599963902086099,0.0,0,0,0,0,0,0.0,0,0,0,0,0,0,0,0,0,0,0,0,0,0,0,0,0,0,0,0,0,0,0,0,0,0,0,0,0,0,0,0,8,3,0,0,0,0,0,0,0.0,0,0,0,0,0,0,0,0,0,0,0,0,0,0,0,0,0,0,1,0,0,0,0,0,0,0,0,0,0,0,0,0,0,0,0,1386,0.03333333333333333,0.0,1.0,0.8578643578643579,1.0,60.83,['Prototype_Pollution']
http://localhost:5050/orders/ssti-greeting_name_query,200,0,0.02,191,4.632090427533416,0.0,0,0,0,0,0,0.0,0,0,0,0,0,0,0,0,0,0,0,0,0,0,0,0,0,0,0,0,0,0,0,0,0,0,0,0,0,0,0,0,8,3,0,0,0,0,0,0,0.0,0,0,0,0,0,0,1,0,0,0,0,0,1,1,0,0,0,0,0,0,0,1,0,0,0,0,0,0,0,0,0,0,0,0,0,2870,0.13333333333333333,0.060278745644599306,0.08188153310104529,0.08188153310104529,0.1132404181184669,69.37,['SSTI']
http://localhost:5050/orders/http_request_smuggling-duplicate_content_length_accepted,200,0,0.01,301,4.762482364831041,0.0,0,0,0,0,0,0.0,0,0,0,0,0,0,0,0,0,0,0,0,0,0,0,0,0,0,0,0,0,0,0,0,0,0,0,0,0,0,1,0,8,3,0,0,0,0,0,0,0.0,0,0,0,0,0,0,0,0,0,0,0,0,0,0,0,0,0,0,0,0,0,0,0,0,0,0,0,0,0,0,0,0,0,0,0,3319,0.0,0.0,0.07080445917445014,0.07080445917445014,0.07231093702922567,51.85,['HTTP_Request_Smuggling']
http://localhost:5050/orders/http_request_smuggling-cl_te_both_accepted,200,0,0.01,337,4.7911759350750085,0.0,0,0,0,0,0,0.0,0,0,0,0,0,0,0,0,0,0,0,0,0,0,0,0,0,0,0,0,0,0,0,0,0,0,0,0,0,0,1,0,8,3,0,0,0,0,0,0,0.0,0,0,0,0,0,0,0,0,0,0,0,0,0,0,0,0,0,0,0,0,0,0,0,0,0,0,0,0,0,0,0,0,0,0,0,3319,0.0,0.0,0.07080445917445014,0.07080445917445014,0.07231093702922567,51.86,['HTTP_Request_Smuggling']
http://localhost:5050/orders/graphqli-introspection_left_enabled,405,0,0.09,153,4.599963902086099,0.0,0,0,0,0,0,0.0,0,0,0,0,0,0,0,0,0,0,0,0,0,0,0,0,0,0,0,0,0,0,0,0,0,0,0,0,0,0,0,0,8,3,0,0,0,0,0,0,0.0,0,0,0,0,0,0,0,0,0,0,0,0,0,0,0,0,0,0,1,0,0,0,0,0,0,0,0,0,0,0,0,0,0,0,0,1386,0.03333333333333333,0.007215007215007215,1.0,0.8578643578643579,1.0,60.83,['GraphQLi']
http://localhost:5050/orders/graphqli-no_query_depth_limit,405,0,0.08,153,4.599963902086099,0.0,0,0,0,0,0,0.0,0,0,0,0,0,0,0,0,0,0,0,0,0,0,0,0,0,0,0,0,0,0,0,0,0,0,0,0,0,0,0,0,8,3,0,0,0,0,0,0,0.0,0,0,0,0,0,0,0,0,0,0,0,0,0,0,0,0,0,0,1,0,0,0,0,0,0,0,0,0,0,0,0,0,0,0,0,1386,0.03333333333333333,0.0,1.0,0.8578643578643579,0.9567099567099567,60.83,['GraphQLi']
http://localhost:5050/orders/csrf-generic_state_change_no_token,405,0,0.19,153,4.599963902086099,0.0,0,0,0,0,0,0.0,0,0,0,0,0,0,0,0,0,0,0,0,0,0,0,0,0,0,0,0,0,0,0,0,0,0,0,0,0,0,0,0,8,3,0,0,0,0,0,0,0.0,0,0,0,0,0,0,0,0,0,0,0,0,0,0,0,0,0,0,1,0,0,0,0,0,0,0,0,0,0,0,0,0,0,0,0,1386,0.03333333333333333,0.0,1.0,0.8578643578643579,1.0,60.83,['CSRF']
http://localhost:5050/orders/xpath_injection-search_xpath_concat,200,0,0.19,291,4.8476625663281805,0.0,0,0,0,0,0,0.0,0,0,0,0,0,0,0,0,0,0,0,0,0,0,0,0,0,0,0,0,0,0,0,0,0,0,0,0,0,0,0,0,8,3,0,1,0,0,2,0,0.0,0,0,0,0,0,0,0,0,0,0,0,0,0,1,0,0,0,0,0,0,0,1,0,0,0,0,0,0,0,0,0,0,0,0,0,3107,0.06666666666666667,0.0032185387833923397,0.07563566140971999,0.07563566140971999,0.13453492114579982,66.19,['XPATH_Injection']
http://localhost:5050/orders/csrf-sensitive_transfer_no_token,405,0,0.16,153,4.599963902086099,0.0,0,0,0,0,0,0.0,0,0,0,0,0,0,0,0,0,0,0,0,0,0,0,0,0,0,0,0,0,0,0,0,0,0,0,0,0,0,0,0,8,3,0,0,0,0,0,0,0.0,0,0,0,0,0,0,0,0,0,0,0,0,0,0,0,0,0,0,1,0,0,0,0,0,0,0,0,0,0,0,0,0,0,0,0,1386,0.03333333333333333,0.0,1.0,0.8578643578643579,1.0,60.83,['CSRF']
http://localhost:5050/orders/csrf-delete_no_token,200,0,0.16,245,4.803123900420257,0.0,0,0,0,0,0,0.0,0,0,0,0,0,0,0,0,0,0,0,0,0,0,0,0,0,0,0,0,0,0,0,0,0,0,0,0,0,0,0,0,8,3,0,0,0,0,0,0,0.0,0,0,0,0,0,0,1,0,0,0,0,0,1,1,0,0,0,0,0,0,0,1,0,0,0,0,0,0,0,0,0,0,0,0,0,2867,0.13333333333333333,0.04778514126264388,0.08196721311475409,0.08196721311475409,0.18974537844436692,69.11,['CSRF']
http://localhost:5050/orders/cors-wildcard_origin_sensitive_endpoint,200,0,0.12,273,4.684402684097438,0.0,0,0,0,0,0,0.0,0,0,0,0,0,0,0,0,0,0,0,0,0,0,0,0,0,0,0,0,0,0,0,0,0,0,0,0,0,0,0,0,8,3,0,0,0,0,0,0,0.0,0,0,0,0,0,0,0,0,0,0,0,0,0,0,0,0,0,0,0,0,0,0,0,0,0,0,0,0,0,0,0,0,0,0,0,3319,0.0,0.0,0.07080445917445014,0.07080445917445014,0.07231093702922567,52.23,['CORS']
http://localhost:5050/orders/ratelimit-login_endpoint_no_throttle,405,0,0.18,153,4.599963902086099,0.0,0,0,0,0,0,0.0,0,0,0,0,0,0,0,0,0,0,0,0,0,0,0,0,0,0,0,0,0,0,0,0,0,0,0,0,0,0,0,0,8,3,0,0,0,0,0,0,0.0,0,0,0,0,0,0,0,0,0,0,0,0,0,0,0,0,0,0,1,0,0,0,0,0,0,0,0,0,0,0,0,0,0,0,0,1385,0.03333333333333333,0.0,1.0,0.8584837545126354,1.0,60.83,['RateLimit']
http://localhost:5050/orders/cors-reflect_origin_credentials_true,200,0,0.16,334,4.869412152501871,0.0,0,0,0,0,0,0.0,0,0,0,0,0,0,0,0,0,0,0,0,0,0,0,0,0,0,0,0,0,0,0,0,0,0,0,0,0,0,0,0,8,3,0,1,1,0,0,0,0.0,0,0,0,0,0,0,0,0,0,0,0,0,0,0,0,0,0,0,0,0,0,0,0,0,0,0,0,0,0,0,0,0,0,0,0,3319,0.0,0.0,0.07080445917445014,0.07080445917445014,0.07231093702922567,52.25,['CORS']
http://localhost:5050/orders/inseccrypto-md5_unsalted_password,405,0,0.14,153,4.599963902086099,0.0,0,0,0,0,0,0.0,0,0,0,0,0,0,0,0,0,0,0,0,0,0,0,0,0,0,0,0,0,0,0,0,0,0,0,0,0,0,0,0,8,3,0,0,0,0,0,0,0.0,0,0,0,0,0,0,0,0,0,0,0,0,0,0,0,0,0,0,1,0,0,0,0,0,0,0,0,0,0,0,0,0,0,0,0,1385,0.03333333333333333,0.0,1.0,0.8584837545126354,1.0,60.83,['InsecCrypto']
http://localhost:5050/orders/infodisc-stack_trace_leak_on_error,200,0,0.18,133,4.677001398000046,0.0,0,0,0,0,0,0.0,0,0,0,0,0,0,0,0,0,0,0,0,0,0,0,0,0,0,0,0,0,0,0,0,0,0,0,0,0,0,0,0,8,3,0,0,0,0,0,0,0.0,0,0,0,0,0,0,0,0,0,0,0,0,0,0,0,0,0,0,0,0,0,0,0,0,0,0,0,0,0,0,0,0,0,0,0,3319,0.0,0.0,0.07080445917445014,0.07080445917445014,0.07231093702922567,52.8,['InfoDisc']
http://localhost:5050/orders/ratelimit-password_reset_no_throttle,200,0,0.13,267,4.656201872032088,0.0,0,0,0,0,0,0.0,0,0,0,0,0,0,0,0,0,0,0,0,0,0,0,0,0,0,0,0,0,0,0,0,0,0,0,0,0,0,0,0,8,3,0,0,0,0,0,0,0.0,0,0,0,0,0,0,0,0,0,0,0,0,0,0,0,0,0,0,0,0,0,0,0,0,0,0,0,0,0,0,0,0,0,0,0,3319,0.0,0.0,0.07080445917445014,0.07080445917445014,0.07231093702922567,52.68,['RateLimit']
http://localhost:5050/orders/infodisc-verbose_server_version_header,200,0,0.27,256,4.956857662984969,0.0,0,0,0,0,0,0.0,0,0,0,0,0,0,0,0,0,0,0,0,0,0,0,0,0,0,0,0,0,0,0,0,0,0,0,0,0,0,0,0,8,3,0,0,0,0,0,0,0.0,0,0,0,0,0,0,0,0,0,0,0,0,0,0,0,0,0,0,0,0,0,0,0,0,0,0,0,0,0,0,0,0,0,0,0,3319,0.0,0.0,0.07080445917445014,0.07080445917445014,0.07231093702922567,52.1,['InfoDisc']
http://localhost:5050/orders/openredirect-post_login_next_param,405,0,0.09,153,4.599963902086099,0.0,0,0,0,0,0,0.0,0,0,0,0,0,0,0,0,0,0,0,0,0,0,0,0,0,0,0,0,0,0,0,0,0,0,0,0,0,0,0,0,8,3,0,0,0,0,0,0,0.0,0,0,0,0,0,0,0,0,0,0,0,0,0,0,0,0,0,0,1,0,0,0,0,0,0,0,0,0,0,0,0,0,0,0,0,1386,0.03333333333333333,0.0,1.0,0.8578643578643579,1.0,60.83,['OpenRedirect']
http://localhost:5050/orders/infodisc-debug_env_endpoint/<resource_name>,200,0,0.22,275,4.9671083270962075,0.0,0,0,0,0,0,0.0,0,0,0,0,0,0,0,0,0,0,0,0,0,0,0,0,0,0,0,0,0,0,0,0,0,0,0,0,0,0,0,0,8,3,0,0,0,0,0,0,0.0,0,0,0,0,0,0,0,0,0,0,0,0,0,0,0,0,0,0,0,0,0,0,0,0,0,0,0,0,0,0,0,0,0,0,0,3429,0.0,0.0,0.08661417322834646,0.08661417322834646,0.08807232429279674,52.47,['InfoDisc']
http://localhost:5050/orders/jwt-alg_none_accepted,200,0,0.12,125,4.596438313567961,0.0,0,0,0,0,0,0.0,0,0,0,0,0,0,0,0,0,0,0,0,0,0,0,0,0,0,0,0,0,0,0,0,0,0,0,0,0,0,0,0,8,3,0,0,0,0,0,0,0.0,0,0,0,0,0,0,0,0,0,0,0,0,0,0,0,0,0,0,0,0,0,0,0,0,0,0,0,0,0,0,0,0,0,0,0,3319,0.0,0.0,0.07080445917445014,0.07080445917445014,0.07231093702922567,52.3,['JWT']
http://localhost:5050/orders/openredirect-redirect_query_url_no_check,200,0,0.24,269,4.645430437026895,0.0,0,0,0,0,0,0.0,0,0,0,0,0,0,0,0,0,0,0,0,0,0,0,0,0,0,0,0,0,0,0,0,0,0,0,0,0,0,0,0,8,3,0,0,0,0,0,0,0.0,0,0,0,0,0,0,0,0,0,0,0,0,0,0,0,0,0,0,0,0,0,0,0,0,0,0,0,0,0,0,0,0,0,0,0,3319,0.0,0.0,0.07080445917445014,0.07080445917445014,0.07231093702922567,52.11,['OpenRedirect']
http://localhost:5050/orders/jwt-weak_hardcoded_secret,200,0,0.16,156,4.634819701963203,0.0,0,0,0,0,0,0.0,0,0,0,0,0,0,0,0,0,0,0,0,0,0,0,0,0,0,0,0,0,0,0,0,0,0,0,0,0,0,0,0,8,3,0,0,0,0,0,0,0.0,0,0,0,0,0,0,0,0,0,0,0,0,0,0,0,0,0,0,0,0,0,0,0,0,0,0,0,0,0,0,0,0,0,0,0,3319,0.0,0.0,0.07080445917445014,0.07080445917445014,0.06628502561012353,52.68,['JWT']
http://localhost:5050/orders/inseccrypto-xor_fixed_key_encryption,200,0,0.19,331,5.005453283431729,0.0,0,0,0,0,0,0.0,0,0,0,0,0,0,0,0,0,0,0,0,0,0,0,0,0,0,0,0,0,0,0,0,0,0,0,0,0,0,0,0,8,3,0,0,0,0,0,0,0.0,0,0,0,0,0,0,0,0,0,0,0,0,0,0,0,0,0,0,0,0,0,0,0,0,0,0,0,0,0,0,0,0,0,0,0,3319,0.0,0.0,0.07080445917445014,0.07080445917445014,0.07231093702922567,52.8,['InsecCrypto']
http://localhost:5050/orders/crlf_injection-log_injection_crlf,405,0,0.19,153,4.599963902086099,0.0,0,0,0,0,0,0.0,0,0,0,0,0,0,0,0,0,0,0,0,0,0,0,0,0,0,0,0,0,0,0,0,0,0,0,0,0,0,0,0,8,3,0,0,0,0,0,0,0.0,0,0,0,0,0,0,0,0,0,0,0,0,0,0,0,0,0,0,1,0,0,0,0,0,0,0,0,0,0,0,0,0,0,0,0,1385,0.03333333333333333,0.0,1.0,0.8584837545126354,1.0,60.83,['CRLF_Injection']
http://localhost:5050/orders/racecondition-withdraw_toctou_no_lock,405,0,0.11,153,4.599963902086099,0.0,0,0,0,0,0,0.0,0,0,0,0,0,0,0,0,0,0,0,0,0,0,0,0,0,0,0,0,0,0,0,0,0,0,0,0,0,0,0,0,8,3,0,0,0,0,0,0,0.0,0,0,0,0,0,0,0,0,0,0,0,0,0,0,0,0,0,0,1,0,0,0,0,0,0,0,0,0,0,0,0,0,0,0,0,1386,0.03333333333333333,0.0,1.0,0.8578643578643579,1.0,60.83,['RaceCondition']
http://localhost:5050/orders/racecondition-coupon_redeem_toctou_no_lock,405,0,0.21,153,4.599963902086099,0.0,0,0,0,0,0,0.0,0,0,0,0,0,0,0,0,0,0,0,0,0,0,0,0,0,0,0,0,0,0,0,0,0,0,0,0,0,0,0,0,8,3,0,0,0,0,0,0,0.0,0,0,0,0,0,0,0,0,0,0,0,0,0,0,0,0,0,0,1,0,0,0,0,0,0,0,0,0,0,0,0,0,0,0,0,1387,0.03333333333333333,0.0,1.0,0.8579668348954578,1.0,60.83,['RaceCondition']
http://localhost:5050/orders/jwt-expiry_never_checked,200,0,0.26,128,4.677293607350064,0.0,0,0,0,0,0,0.0,0,0,0,0,0,0,0,0,0,0,0,0,0,0,0,0,0,0,0,0,0,0,0,0,0,0,0,0,0,0,0,0,8,3,0,0,0,0,0,0,0.0,0,0,0,0,0,0,0,0,0,0,0,0,0,0,0,0,0,0,0,0,0,0,0,0,0,0,0,0,0,0,0,0,0,0,0,3319,0.0,0.0,0.07080445917445014,0.07080445917445014,0.07231093702922567,52.48,['JWT']
http://localhost:5050/orders/crlf_injection-location_header_crlf,200,0,0.16,289,4.774916196070421,0.0,0,0,0,0,0,0.0,0,0,0,0,0,0,0,0,0,0,0,0,0,0,0,0,0,0,0,0,0,0,0,0,0,0,0,0,0,0,0,0,8,3,0,0,0,0,0,0,0.0,0,0,0,0,0,0,0,0,0,0,0,0,0,0,0,0,0,0,0,0,0,0,0,0,0,0,0,0,0,0,0,0,0,0,0,3319,0.0,0.0,0.07080445917445014,0.07080445917445014,0.07231093702922567,52.23,['CRLF_Injection']
http://localhost:5050/invoices/sqli-login_bypass,405,0,0.15,153,4.599963902086099,0.0,0,0,0,0,0,0.0,0,0,0,0,0,0,0,0,0,0,0,0,0,0,0,0,0,0,0,0,0,0,0,0,0,0,0,0,0,0,0,0,8,3,0,0,0,0,0,0,0.0,0,0,0,0,0,0,0,0,0,0,0,0,0,0,0,0,0,0,1,0,0,0,0,0,0,0,0,0,0,0,0,0,0,0,0,1386,0.03333333333333333,0.0,1.0,0.8578643578643579,1.0,60.83,['SQLi']
http://localhost:5050/invoices/sqli-union_select_id,405,0,0.21,153,4.599963902086099,0.0,0,0,0,0,0,0.0,0,0,0,0,0,0,0,0,0,0,0,0,0,0,0,0,0,0,0,0,0,0,0,0,0,0,0,0,0,0,0,0,8,3,0,0,0,0,0,0,0.0,0,0,0,0,0,0,0,0,0,0,0,0,0,0,0,0,0,0,1,0,0,0,0,0,0,0,0,0,0,0,0,0,0,0,0,1386,0.03333333333333333,0.0,1.0,0.8578643578643579,1.0,60.83,['SQLi']
http://localhost:5050/invoices/sqli-like_search_concat,405,0,0.19,153,4.599963902086099,0.0,0,0,0,0,0,0.0,0,0,0,0,0,0,0,0,0,0,0,0,0,0,0,0,0,0,0,0,0,0,0,0,0,0,0,0,0,0,0,0,8,3,0,0,0,0,0,0,0.0,0,0,0,0,0,0,0,0,0,0,0,0,0,0,0,0,0,0,1,0,0,0,0,0,0,0,0,0,0,0,0,0,0,0,0,1385,0.03333333333333333,0.0,1.0,0.8584837545126354,1.0,60.83,['SQLi']
http://localhost:5050/invoices/sqli-where_id_concat,200,0,0.23,212,5.037938527525562,0.0,0,0,0,0,0,0.0,0,0,0,0,0,0,0,0,0,0,0,0,0,0,0,0,0,0,0,0,0,0,0,0,0,0,0,0,0,0,0,0,8,3,0,0,0,0,0,0,0.0,0,0,0,0,0,0,1,0,0,0,0,0,1,1,0,0,0,0,0,0,0,1,0,0,0,0,0,0,0,0,0,0,0,0,0,2865,0.13333333333333333,0.06038394415357766,0.08202443280977312,0.08202443280977312,0.08760907504363001,70.15,['SQLi']
http://localhost:5050/invoices/cmdi-filename_echo_shell,405,0,0.18,153,4.599963902086099,0.0,0,0,0,0,0,0.0,0,0,0,0,0,0,0,0,0,0,0,0,0,0,0,0,0,0,0,0,0,0,0,0,0,0,0,0,0,0,0,0,8,3,0,0,0,0,0,0,0.0,0,0,0,0,0,0,0,0,0,0,0,0,0,0,0,0,0,0,1,0,0,0,0,0,0,0,0,0,0,0,0,0,0,0,0,1386,0.03333333333333333,0.0,1.0,0.8578643578643579,1.0,60.83,['CMDi']
http://localhost:5050/invoices/cmdi-archive_name_shell,405,0,0.11,153,4.599963902086099,0.0,0,0,0,0,0,0.0,0,0,0,0,0,0,0,0,0,0,0,0,0,0,0,0,0,0,0,0,0,0,0,0,0,0,0,0,0,0,0,0,8,3,0,0,0,0,0,0,0.0,0,0,0,0,0,0,0,0,0,0,0,0,0,0,0,0,0,0,1,0,0,0,0,0,0,0,0,0,0,0,0,0,0,0,0,1386,0.03333333333333333,0.0,1.0,0.8578643578643579,1.0,60.83,['CMDi']
http://localhost:5050/invoices/insecdeser-pickle_b64_import,405,0,0.2,153,4.599963902086099,0.0,0,0,0,0,0,0.0,0,0,0,0,0,0,0,0,0,0,0,0,0,0,0,0,0,0,0,0,0,0,0,0,0,0,0,0,0,0,0,0,8,3,0,0,0,0,0,0,0.0,0,0,0,0,0,0,0,0,0,0,0,0,0,0,0,0,0,0,1,0,0,0,0,0,0,0,0,0,0,0,0,0,0,0,0,1386,0.03333333333333333,0.0,1.0,0.8578643578643579,1.0,60.83,['InsecDeser']
http://localhost:5050/invoices/insecdeser-yaml_unsafe_load,405,0,0.12,153,4.599963902086099,0.0,0,0,0,0,0,0.0,0,0,0,0,0,0,0,0,0,0,0,0,0,0,0,0,0,0,0,0,0,0,0,0,0,0,0,0,0,0,0,0,8,3,0,0,0,0,0,0,0.0,0,0,0,0,0,0,0,0,0,0,0,0,0,0,0,0,0,0,1,0,0,0,0,0,0,0,0,0,0,0,0,0,0,0,0,1385,0.03333333333333333,0.0,1.0,0.8584837545126354,1.0,60.83,['InsecDeser']
http://localhost:5050/invoices/insecupload-no_extension_whitelist,405,0,0.11,153,4.599963902086099,0.0,0,0,0,0,0,0.0,0,0,0,0,0,0,0,0,0,0,0,0,0,0,0,0,0,0,0,0,0,0,0,0,0,0,0,0,0,0,0,0,8,3,0,0,0,0,0,0,0.0,0,0,0,0,0,0,0,0,0,0,0,0,0,0,0,0,0,0,1,0,0,0,0,0,0,0,0,0,0,0,0,0,0,0,0,1385,0.03333333333333333,0.0,1.0,0.8584837545126354,1.0,60.83,['InsecUpload']
http://localhost:5050/invoices/sqli-order_by_concat,200,0,0.24,269,4.964756859667363,0.0,0,0,0,0,0,0.0,0,0,0,0,0,0,0,0,0,0,0,0,0,0,0,0,0,0,0,0,0,0,0,0,0,0,0,0,0,0,0,0,8,3,0,0,0,0,0,0,0.0,0,0,0,0,0,0,0,0,0,0,0,0,0,0,0,0,0,0,0,0,0,0,0,0,0,0,0,0,0,0,0,0,0,0,0,3319,0.0,0.0,0.07080445917445014,0.07080445917445014,0.07231093702922567,53.37,['SQLi']
http://localhost:5050/invoices/insecupload-no_content_type_check,405,0,0.07,153,4.599963902086099,0.0,0,0,0,0,0,0.0,0,0,0,0,0,0,0,0,0,0,0,0,0,0,0,0,0,0,0,0,0,0,0,0,0,0,0,0,0,0,0,0,8,3,0,0,0,0,0,0,0.0,0,0,0,0,0,0,0,0,0,0,0,0,0,0,0,0,0,0,1,0,0,0,0,0,0,0,0,0,0,0,0,0,0,0,0,1385,0.03333333333333333,0.0,1.0,0.8584837545126354,1.0,60.83,['InsecUpload']
http://localhost:5050/invoices/cmdi-ping_host_shell_true,200,0,0.06,457,5.10648558074214,0.0,0,0,0,0,0,0.0,0,0,0,0,0,0,0,0,0,0,0,0,0,0,0,0,0,0,0,0,0,0,0,0,0,0,0,0,0,0,0,0,8,3,0,0,0,0,0,0,0.0,0,0,0,0,0,0,0,0,0,0,0,0,0,0,0,0,0,0,0,0,0,0,0,0,0,0,0,0,0,0,0,0,0,0,0,3319,0.0,0.0,0.07080445917445014,0.07080445917445014,0.07231093702922567,52.37,['CMDi']
http://localhost:5050/invoices/brokenauth-no_bruteforce_protection,405,0,0.06,153,4.599963902086099,0.0,0,0,0,0,0,0.0,0,0,0,0,0,0,0,0,0,0,0,0,0,0,0,0,0,0,0,0,0,0,0,0,0,0,0,0,0,0,0,0,8,3,0,0,0,0,0,0,0.0,0,0,0,0,0,0,0,0,0,0,0,0,0,0,0,0,0,0,1,0,0,0,0,0,0,0,0,0,0,0,0,0,0,0,0,1386,0.03333333333333333,0.0,1.0,0.8578643578643579,1.0,60.83,['BrokenAuth']
http://localhost:5050/invoices/brokenauth-predictable_session_token,405,0,0.15,153,4.599963902086099,0.0,0,0,0,0,0,0.0,0,0,0,0,0,0,0,0,0,0,0,0,0,0,0,0,0,0,0,0,0,0,0,0,0,0,0,0,0,0,0,0,8,3,0,0,0,0,0,0,0.0,0,0,0,0,0,0,0,0,0,0,0,0,0,0,0,0,0,0,1,0,0,0,0,0,0,0,0,0,0,0,0,0,0,0,0,1385,0.03333333333333333,0.0,1.0,0.8584837545126354,1.0,60.83,['BrokenAuth']
http://localhost:5050/invoices/credsexpose-verbose_error_with_secret,200,0,0.47,298,4.855575805352301,0.0,0,0,0,0,0,0.0,0,0,0,0,0,0,0,0,0,0,0,0,0,0,0,0,0,0,0,0,0,0,0,0,0,0,0,0,0,0,0,0,8,3,0,1,1,0,0,0,0.0,0,0,0,0,0,0,1,0,0,0,0,0,1,1,0,0,0,0,0,0,0,1,0,0,0,0,0,0,0,0,0,0,0,0,0,2861,0.13333333333333333,0.06046836770360014,0.08213911219853198,0.08213911219853198,0.16078294302691368,68.17,['CredsExpose']
http://localhost:5050/invoices/xss-reflected_json_span,405,0,0.07,153,4.599963902086099,0.0,0,0,0,0,0,0.0,0,0,0,0,0,0,0,0,0,0,0,0,0,0,0,0,0,0,0,0,0,0,0,0,0,0,0,0,0,0,0,0,8,3,0,0,0,0,0,0,0.0,0,0,0,0,0,0,0,1,0,0,0,0,0,0,0,1,0,0,1,0,1,0,1,0,0,1,0,0,0,0,0,0,0,0,0,623,0.2,0.08507223113964688,1.0,0.6837881219903692,1.0,70.71,['XSS']
http://localhost:5050/invoices/xss-reflected_form_comment,405,0,0.19,153,4.599963902086099,0.0,0,0,0,0,0,0.0,0,0,0,0,0,0,0,0,0,0,0,0,0,0,0,0,0,0,0,0,0,0,0,0,0,0,0,0,0,0,0,0,8,3,0,0,0,0,0,0,0.0,0,0,0,0,0,0,0,0,0,0,0,0,0,0,0,0,0,0,1,0,0,0,0,0,0,0,0,0,0,0,0,0,0,0,0,1385,0.03333333333333333,0.0,1.0,0.8584837545126354,1.0,60.83,['XSS']
http://localhost:5050/invoices/credsexpose-debug_endpoint_left_on/<resource_name>,200,0,0.1,381,5.101257141255104,0.0,0,0,0,0,0,0.0,0,0,0,0,0,0,0,0,0,0,0,0,0,0,0,0,0,0,0,0,0,0,0,0,0,0,0,0,0,0,0,0,8,3,0,0,0,0,0,0,0.0,0,0,0,0,0,0,0,0,0,0,0,0,0,0,0,0,0,0,0,0,0,0,0,0,0,0,0,0,0,0,0,0,0,0,0,3429,0.0,0.0,0.08661417322834646,0.08661417322834646,0.08807232429279674,52.28,['CredsExpose']
http://localhost:5050/invoices/credsexpose-secret_in_response_header,200,0,0.17,273,4.917446514876064,0.0,0,0,0,0,0,0.0,0,0,0,0,0,0,0,0,0,0,0,0,0,0,0,0,0,0,0,0,0,0,0,0,0,0,0,0,0,0,0,0,8,3,0,0,0,0,0,0,0.0,0,0,0,0,0,0,0,0,0,0,0,0,0,0,0,0,0,0,0,0,0,0,0,0,0,0,0,0,0,0,0,0,0,0,0,3319,0.0,0.0,0.07080445917445014,0.07080445917445014,0.07231093702922567,52.41,['CredsExpose']
http://localhost:5050/invoices/xss-reflected_query_div,200,0,0.11,246,5.019481329652855,0.0,0,0,0,0,0,0.0,0,0,0,0,0,0,0,0,0,0,0,0,0,0,0,0,0,0,0,0,0,0,0,0,0,0,0,0,0,0,0,0,8,3,0,0,0,0,0,0,0.0,0,0,0,0,0,0,1,0,0,0,0,0,1,1,0,0,0,0,0,0,0,1,0,0,0,0,0,0,0,0,0,0,0,0,0,2861,0.13333333333333333,0.06046836770360014,0.08213911219853198,0.08213911219853198,0.17441454037049983,68.6,['XSS']
http://localhost:5050/invoices/brokenauth-guessable_password_reset,200,0,0.21,230,4.807941005245291,0.0,0,0,0,0,0,0.0,0,0,0,0,0,0,0,0,0,0,0,0,0,0,0,0,0,0,0,0,0,0,0,0,0,0,0,0,0,0,0,0,8,3,0,0,0,0,0,0,0.0,0,0,0,0,0,0,0,0,0,0,0,0,0,0,0,0,0,0,0,0,0,0,0,0,0,0,0,0,0,0,0,0,0,0,0,3319,0.0,0.0,0.07080445917445014,0.07080445917445014,0.02078939439590238,52.36,['BrokenAuth']
http://localhost:5050/invoices/nosqli-auth_operator_bypass,405,0,0.21,153,4.599963902086099,0.0,0,0,0,0,0,0.0,0,0,0,0,0,0,0,0,0,0,0,0,0,0,0,0,0,0,0,0,0,0,0,0,0,0,0,0,0,0,0,0,8,3,0,0,0,0,0,0,0.0,0,0,0,0,0,0,0,1,0,0,0,0,0,0,0,1,0,0,1,0,1,0,1,0,0,1,0,0,0,0,0,0,0,0,0,316,0.2,0.05063291139240506,1.0,0.37658227848101267,1.0,75.46,['NoSQLi']
http://localhost:5050/invoices/bufovr-fixed_buffer_ctypes_query,200,0,0.45,288,4.879669254203409,0.0,0,0,0,0,0,0.0,0,0,0,0,0,0,0,0,0,0,0,0,0,0,0,0,0,0,0,0,0,0,0,0,0,0,0,0,0,0,0,0,8,3,0,0,0,0,0,0,0.0,0,0,0,0,0,0,0,0,0,0,0,0,0,0,0,0,0,0,0,0,0,0,0,0,0,0,0,0,0,0,0,0,0,0,0,3319,0.0,0.0,0.07080445917445014,0.07080445917445014,0.07231093702922567,52.43,['BufOvr']
http://localhost:5050/invoices/bufovr-fixed_buffer_ctypes_header,200,0,0.61,255,4.819566183228766,0.0,0,0,0,0,0,0.0,0,0,0,0,0,0,0,0,0,0,0,0,0,0,0,0,0,0,0,0,0,0,0,0,0,0,0,0,0,0,0,0,8,3,0,0,0,0,0,0,0.0,0,0,0,0,0,0,0,0,0,0,0,0,0,0,0,0,0,0,0,0,0,0,0,0,0,0,0,0,0,0,0,0,0,0,0,3319,0.0,0.0,0.07080445917445014,0.07080445917445014,0.07231093702922567,52.21,['BufOvr']
http://localhost:5050/invoices/dirtrav-read_file_form_param,405,0,0.17,153,4.599963902086099,0.0,0,0,0,0,0,0.0,0,0,0,0,0,0,0,0,0,0,0,0,0,0,0,0,0,0,0,0,0,0,0,0,0,0,0,0,0,0,0,0,8,3,0,0,0,0,0,0,0.0,0,0,0,0,0,0,0,0,0,0,0,0,0,0,0,0,0,0,1,0,0,0,0,0,0,0,0,0,0,0,0,0,0,0,0,1386,0.03333333333333333,0.0,1.0,0.8578643578643579,1.0,60.83,['DirTrav']
http://localhost:5050/invoices/xxe-resolve_entities_json_body,405,0,0.25,153,4.599963902086099,0.0,0,0,0,0,0,0.0,0,0,0,0,0,0,0,0,0,0,0,0,0,0,0,0,0,0,0,0,0,0,0,0,0,0,0,0,0,0,0,0,8,3,0,0,0,0,0,0,0.0,0,0,0,0,0,0,0,0,0,0,0,0,0,0,0,0,0,0,1,0,0,0,0,0,0,0,0,0,0,0,0,0,0,0,0,1386,0.03333333333333333,0.0,1.0,0.8578643578643579,1.0,60.83,['XXE']
http://localhost:5050/invoices/xxe-resolve_entities_form_body,405,0,0.13,153,4.599963902086099,0.0,0,0,0,0,0,0.0,0,0,0,0,0,0,0,0,0,0,0,0,0,0,0,0,0,0,0,0,0,0,0,0,0,0,0,0,0,0,0,0,8,3,0,0,0,0,0,0,0.0,0,0,0,0,0,0,0,0,0,0,0,0,0,0,0,0,0,0,1,0,0,0,0,0,0,0,0,0,0,0,0,0,0,0,0,1385,0.03333333333333333,0.0,1.0,0.8584837545126354,1.0,60.83,['XXE']
http://localhost:5050/invoices/nosqli-search_filter_injection,405,0,0.15,153,4.599963902086099,0.0,0,0,0,0,0,0.0,0,0,0,0,0,0,0,0,0,0,0,0,0,0,0,0,0,0,0,0,0,0,0,0,0,0,0,0,0,0,0,0,8,3,0,0,0,0,0,0,0.0,0,0,0,0,0,0,0,1,0,0,0,0,0,0,0,1,0,0,1,0,1,0,1,0,0,1,0,0,0,0,0,0,0,0,0,397,0.2,0.04534005037783375,1.0,0.5062972292191436,1.0,75.01,['NoSQLi']
http://localhost:5050/invoices/xss-reflected_header_comment,200,0,0.12,257,4.934948099933389,0.0,0,0,0,0,0,0.0,0,0,0,0,0,0,0,0,0,0,0,0,0,0,0,0,0,0,0,0,0,0,0,0,0,0,0,0,0,0,0,0,8,3,0,0,0,0,0,0,0.0,0,0,0,0,0,0,0,0,0,0,0,0,0,0,0,0,0,0,0,0,0,0,0,0,0,0,0,0,0,0,0,0,0,0,0,3319,0.0,0.0,0.07080445917445014,0.07080445917445014,0.07231093702922567,51.78,['XSS']
http://localhost:5050/invoices/xss-reflected_attribute_breakout,200,0,0.12,276,4.8814167198027025,0.0,0,0,0,0,0,0.0,0,0,0,0,0,0,0,0,0,0,0,0,0,0,0,0,0,0,0,0,0,0,0,0,0,0,0,0,0,0,0,0,8,3,0,0,0,0,0,0,0.0,0,0,0,0,0,0,0,0,0,0,0,0,0,0,0,0,0,0,0,0,0,0,0,0,0,0,0,0,0,0,0,0,0,0,0,3319,0.0,0.0,0.07080445917445014,0.07080445917445014,0.07231093702922567,52.06,['XSS']
http://localhost:5050/invoices/dirtrav-read_file_query_param,200,0,0.11,207,4.679478017867943,0.0,0,0,0,0,0,0.0,0,0,0,0,0,0,0,0,0,0,0,0,0,0,0,0,0,0,0,0,0,0,0,0,0,0,0,0,0,0,0,0,8,3,0,0,0,0,0,0,0.0,0,0,0,0,0,0,0,0,0,0,0,0,0,0,0,0,0,0,0,0,0,0,0,0,0,0,0,0,0,0,0,0,0,0,0,3319,0.0,0.0,0.07080445917445014,0.07080445917445014,0.5848147032238626,51.51,['DirTrav']
http://localhost:5050/invoices/nosqli-regex_operator_injection,405,0,0.15,153,4.599963902086099,0.0,0,0,0,0,0,0.0,0,0,0,0,0,0,0,0,0,0,0,0,0,0,0,0,0,0,0,0,0,0,0,0,0,0,0,0,0,0,0,0,8,3,0,0,0,0,0,0,0.0,0,0,0,0,0,0,0,0,0,0,0,0,0,0,0,0,0,0,1,0,0,0,0,0,0,0,0,0,0,0,0,0,0,0,0,1386,0.03333333333333333,0.0,1.0,0.8578643578643579,0.1443001443001443,60.83,['NoSQLi']
http://localhost:5050/invoices/ldapi-login_filter_wildcard,405,0,0.19,153,4.599963902086099,0.0,0,0,0,0,0,0.0,0,0,0,0,0,0,0,0,0,0,0,0,0,0,0,0,0,0,0,0,0,0,0,0,0,0,0,0,0,0,0,0,8,3,0,0,0,0,0,0,0.0,0,0,0,0,0,0,0,0,0,0,0,0,0,0,0,0,0,0,1,0,0,0,0,0,0,0,0,0,0,0,0,0,0,0,0,1386,0.03333333333333333,0.0,1.0,0.8578643578643579,1.0,60.83,['LDAPi']
http://localhost:5050/invoices/dirtrav-read_file_path_segment/<filename>,200,0,0.23,258,4.772506737069796,0.0,0,0,0,0,0,0.0,0,0,0,0,0,0,0,0,0,0,0,0,0,0,0,0,0,0,0,0,0,0,0,0,0,0,0,0,0,0,0,0,8,3,0,0,0,0,0,0,0.0,0,0,0,0,0,0,0,0,0,0,0,0,0,0,0,0,0,0,0,0,0,0,0,0,0,0,0,0,0,0,0,0,0,0,0,3429,0.0,0.0,0.08661417322834646,0.08661417322834646,0.09011373578302712,51.56,['DirTrav']
http://localhost:5050/invoices/ldapi-search_filter_wildcard,200,0,0.12,219,4.921398167794487,0.0,0,0,0,0,0,0.0,0,0,0,0,0,0,0,0,0,0,0,0,0,0,0,0,0,0,0,0,0,0,0,0,0,0,0,0,0,0,0,0,8,3,0,1,0,0,1,0,0.0,0,0,0,0,0,0,1,0,0,0,0,0,1,1,0,0,0,0,0,0,0,1,0,0,0,0,0,0,0,0,0,0,0,0,0,2860,0.13333333333333333,0.06048951048951049,0.08216783216783216,0.08216783216783216,0.10244755244755245,68.71,['LDAPi']
http://localhost:5050/invoices/idor-json_body_id_direct_access,405,0,0.33,153,4.599963902086099,0.0,0,0,0,0,0,0.0,0,0,0,0,0,0,0,0,0,0,0,0,0,0,0,0,0,0,0,0,0,0,0,0,0,0,0,0,0,0,0,0,8,3,0,0,0,0,0,0,0.0,0,0,0,0,0,0,0,0,0,0,0,0,0,0,0,0,0,0,1,0,0,0,0,0,0,0,0,0,0,0,0,0,0,0,0,1386,0.03333333333333333,0.0,1.0,0.8578643578643579,1.0,60.83,['IDOR']
http://localhost:5050/invoices/insecperm-role_trusted_from_header,200,0,0.18,272,4.705531703879236,0.0,0,0,0,0,0,0.0,0,0,0,0,0,0,0,0,0,0,0,0,0,0,0,0,0,0,0,0,0,0,0,0,0,0,0,0,0,0,0,0,8,3,0,0,0,0,0,0,0.0,0,0,0,0,0,0,0,0,0,0,0,0,0,0,0,0,0,0,0,0,0,0,0,0,0,0,0,0,0,0,0,0,0,0,0,3319,0.0,0.0,0.07080445917445014,0.07080445917445014,0.07231093702922567,52.45,['InsecPerm']
http://localhost:5050/invoices/insecperm-client_controlled_admin_flag,200,0,0.13,231,4.680104960347713,0.0,0,0,0,0,0,0.0,0,0,0,0,0,0,0,0,0,0,0,0,0,0,0,0,0,0,0,0,0,0,0,0,0,0,0,0,0,0,0,0,8,3,0,0,0,0,0,0,0.0,0,0,0,0,0,0,0,0,0,0,0,0,0,0,0,0,0,0,0,0,0,0,0,0,0,0,0,0,0,0,0,0,0,0,0,3319,0.0,0.0,0.07080445917445014,0.07080445917445014,0.02078939439590238,52.27,['InsecPerm']
http://localhost:5050/invoices/insecperm-world_readable_export_endpoint/<id>,200,0,0.22,273,4.753263323128141,0.0,0,0,0,0,0,0.0,0,0,0,0,0,0,0,0,0,0,0,0,0,0,0,0,0,0,0,0,0,0,0,0,0,0,0,0,0,0,0,0,8,3,0,0,0,0,0,0,0.0,0,0,0,0,0,0,0,0,0,0,0,0,0,0,0,0,0,0,0,0,0,0,0,0,0,0,0,0,0,0,0,0,0,0,0,3429,0.0,0.0,0.08661417322834646,0.08661417322834646,0.08807232429279674,52.22,['InsecPerm']
http://localhost:5050/invoices/ssrf-url_fetch_json_webhook,405,0,0.24,153,4.599963902086099,0.0,0,0,0,0,0,0.0,0,0,0,0,0,0,0,0,0,0,0,0,0,0,0,0,0,0,0,0,0,0,0,0,0,0,0,0,0,0,0,0,8,3,0,0,0,0,0,0,0.0,0,0,0,0,0,0,0,1,0,0,0,0,0,0,0,1,0,0,1,0,1,0,1,0,0,1,0,0,0,0,0,0,0,0,0,589,0.2,0.0831918505942275,1.0,0.66553480475382,1.0,63.27,['SSRF']
http://localhost:5050/invoices/idor-query_id_direct_access,200,0,0.24,273,4.740627130202304,0.0,0,0,0,0,0,0.0,0,0,0,0,0,0,0,0,0,0,0,0,0,0,0,0,0,0,0,0,0,0,0,0,0,0,0,0,0,0,0,0,8,3,0,1,0,1,0,0,0.0,0,0,0,0,0,0,0,0,0,0,0,0,0,0,0,0,0,0,0,0,0,0,0,0,0,0,0,0,0,0,0,0,0,0,0,3319,0.0,0.0,0.07080445917445014,0.07080445917445014,0.07231093702922567,52.65,['IDOR']
http://localhost:5050/invoices/idor-path_id_direct_access/<obj_id>,200,0,0.17,390,4.899069024491239,0.0,0,0,0,0,0,0.0,0,0,0,0,0,0,0,0,0,0,0,0,0,0,0,0,0,0,0,0,0,0,0,0,0,0,0,0,0,0,0,0,8,3,0,1,0,1,0,0,0.0,0,0,0,0,0,0,0,0,0,0,0,0,0,0,0,0,0,0,0,0,0,0,0,0,0,0,0,0,0,0,0,0,0,0,0,3429,0.0,0.0,0.08661417322834646,0.08661417322834646,0.08807232429279674,52.61,['IDOR']
http://localhost:5050/invoices/sessfix-sessionid_not_regenerated_on_login,200,0,0.2,192,4.506797472839359,0.0,0,0,0,0,0,0.0,0,0,0,0,0,0,0,0,0,0,0,0,0,0,0,0,0,0,0,0,0,0,0,0,0,0,0,0,0,0,0,0,8,3,0,0,0,0,0,0,0.0,0,0,0,0,0,0,0,0,0,0,0,0,0,0,0,0,0,0,0,0,0,0,0,0,0,0,0,0,0,0,0,0,0,0,0,3319,0.0,0.0,0.07080445917445014,0.07080445917445014,0.007532389273877674,52.35,['SessFix']
http://localhost:5050/invoices/sessfix-sessionid_accepted_from_query,200,0,0.27,239,4.7448533359489975,0.0,0,0,0,0,0,0.0,0,0,0,0,0,0,0,0,0,0,0,0,0,0,0,0,0,0,0,0,0,0,0,0,0,0,0,0,0,0,0,0,8,3,0,0,0,0,0,0,0.0,0,0,0,0,0,0,0,0,0,0,0,0,0,0,0,0,0,0,0,0,0,0,0,0,0,0,0,0,0,0,0,0,0,0,0,3319,0.0,0.0,0.07080445917445014,0.07080445917445014,0.07231093702922567,52.28,['SessFix']
http://localhost:5050/invoices/ssrf-url_fetch_form_image_import,405,0,0.18,153,4.599963902086099,0.0,0,0,0,0,0,0.0,0,0,0,0,0,0,0,0,0,0,0,0,0,0,0,0,0,0,0,0,0,0,0,0,0,0,0,0,0,0,0,0,8,3,0,0,0,0,0,0,0.0,0,0,0,0,0,0,0,0,0,0,0,0,0,0,0,0,0,0,1,0,0,0,0,0,0,0,0,0,0,0,0,0,0,0,0,1386,0.03333333333333333,0.0,1.0,0.8578643578643579,1.0,60.83,['SSRF']
http://localhost:5050/invoices/ssti-custom_template_field_form,405,0,0.22,153,4.599963902086099,0.0,0,0,0,0,0,0.0,0,0,0,0,0,0,0,0,0,0,0,0,0,0,0,0,0,0,0,0,0,0,0,0,0,0,0,0,0,0,0,0,8,3,0,0,0,0,0,0,0.0,0,0,0,0,0,0,0,0,0,0,0,0,0,0,0,0,0,0,1,0,0,0,0,0,0,0,0,0,0,0,0,0,0,0,0,1385,0.03333333333333333,0.0,1.0,0.8584837545126354,0.14368231046931407,60.83,['SSTI']
http://localhost:5050/invoices/ssrf-url_fetch_query_no_allowlist,200,0,0.15,337,4.87959466998689,0.0,0,0,0,0,0,0.0,0,0,0,0,0,0,0,0,0,0,0,0,0,0,0,0,0,0,0,0,0,0,0,0,0,0,0,0,0,0,0,0,8,3,0,1,0,0,1,0,0.0,0,0,0,0,0,0,0,0,0,0,0,0,0,0,0,0,0,0,0,0,0,0,0,0,0,0,0,0,0,0,0,0,0,0,0,3319,0.0,0.0,0.07080445917445014,0.07080445917445014,0.07231093702922567,51.82,['SSRF']
http://localhost:5050/invoices/ssti-message_field_json,405,0,0.31,153,4.599963902086099,0.0,0,0,0,0,0,0.0,0,0,0,0,0,0,0,0,0,0,0,0,0,0,0,0,0,0,0,0,0,0,0,0,0,0,0,0,0,0,0,0,8,3,0,0,0,0,0,0,0.0,0,0,0,0,0,0,0,0,0,0,0,0,0,0,0,0,0,0,1,0,0,0,0,0,0,0,0,0,0,0,0,0,0,0,0,1386,0.03333333333333333,0.0,1.0,0.8578643578643579,1.0,60.83,['SSTI']
http://localhost:5050/invoices/prototype_pollution-deep_merge_preferences,405,0,0.24,153,4.599963902086099,0.0,0,0,0,0,0,0.0,0,0,0,0,0,0,0,0,0,0,0,0,0,0,0,0,0,0,0,0,0,0,0,0,0,0,0,0,0,0,0,0,8,3,0,0,0,0,0,0,0.0,0,0,0,0,0,0,0,0,0,0,0,0,0,0,0,0,0,0,1,0,0,0,0,0,0,0,0,0,0,0,0,0,0,0,0,1385,0.03333333333333333,0.0,1.0,0.8584837545126354,1.0,60.83,['Prototype_Pollution']
http://localhost:5050/invoices/prototype_pollution-deep_merge_settings,405,0,0.11,153,4.599963902086099,0.0,0,0,0,0,0,0.0,0,0,0,0,0,0,0,0,0,0,0,0,0,0,0,0,0,0,0,0,0,0,0,0,0,0,0,0,0,0,0,0,8,3,0,0,0,0,0,0,0.0,0,0,0,0,0,0,0,0,0,0,0,0,0,0,0,0,0,0,1,0,0,0,0,0,0,0,0,0,0,0,0,0,0,0,0,1386,0.03333333333333333,0.0,1.0,0.8578643578643579,1.0,60.83,['Prototype_Pollution']
http://localhost:5050/invoices/ssti-greeting_name_query,200,0,0.23,197,4.7263169513049235,0.0,0,0,0,0,0,0.0,0,0,0,0,0,0,0,0,0,0,0,0,0,0,0,0,0,0,0,0,0,0,0,0,0,0,0,0,0,0,0,0,8,3,0,0,0,0,0,0,0.0,0,0,0,0,0,0,1,0,0,0,0,0,1,1,0,0,0,0,0,0,0,1,0,0,0,0,0,0,0,0,0,0,0,0,0,2869,0.13333333333333333,0.060299756012547924,0.08191007319623562,0.08191007319623562,0.11327988846287905,69.33,['SSTI']
http://localhost:5050/invoices/xpath_injection-login_xpath_concat,405,0,0.2,153,4.599963902086099,0.0,0,0,0,0,0,0.0,0,0,0,0,0,0,0,0,0,0,0,0,0,0,0,0,0,0,0,0,0,0,0,0,0,0,0,0,0,0,0,0,8,3,0,0,0,0,0,0,0.0,0,0,0,0,0,0,0,0,0,0,0,0,0,0,0,0,0,0,1,0,0,0,0,0,0,0,0,0,0,0,0,0,0,0,0,1386,0.03333333333333333,0.0,1.0,0.8578643578643579,1.0,60.83,['XPATH_Injection']
http://localhost:5050/invoices/graphqli-introspection_left_enabled,405,0,0.16,153,4.599963902086099,0.0,0,0,0,0,0,0.0,0,0,0,0,0,0,0,0,0,0,0,0,0,0,0,0,0,0,0,0,0,0,0,0,0,0,0,0,0,0,0,0,8,3,0,0,0,0,0,0,0.0,0,0,0,0,0,0,0,0,0,0,0,0,0,0,0,0,0,0,1,0,0,0,0,0,0,0,0,0,0,0,0,0,0,0,0,1386,0.03333333333333333,0.007215007215007215,1.0,0.8578643578643579,1.0,60.83,['GraphQLi']
http://localhost:5050/invoices/graphqli-no_query_depth_limit,405,0,0.1,153,4.599963902086099,0.0,0,0,0,0,0,0.0,0,0,0,0,0,0,0,0,0,0,0,0,0,0,0,0,0,0,0,0,0,0,0,0,0,0,0,0,0,0,0,0,8,3,0,0,0,0,0,0,0.0,0,0,0,0,0,0,0,0,0,0,0,0,0,0,0,0,0,0,1,0,0,0,0,0,0,0,0,0,0,0,0,0,0,0,0,1387,0.03333333333333333,0.0,1.0,0.8579668348954578,0.9567411679884643,60.83,['GraphQLi']
http://localhost:5050/invoices/csrf-generic_state_change_no_token,405,0,0.12,153,4.599963902086099,0.0,0,0,0,0,0,0.0,0,0,0,0,0,0,0,0,0,0,0,0,0,0,0,0,0,0,0,0,0,0,0,0,0,0,0,0,0,0,0,0,8,3,0,0,0,0,0,0,0.0,0,0,0,0,0,0,0,0,0,0,0,0,0,0,0,0,0,0,1,0,0,0,0,0,0,0,0,0,0,0,0,0,0,0,0,1387,0.03333333333333333,0.0,1.0,0.8579668348954578,1.0,60.83,['CSRF']
http://localhost:5050/invoices/http_request_smuggling-cl_te_both_accepted,200,0,0.28,341,4.798295030343544,0.0,0,0,0,0,0,0.0,0,0,0,0,0,0,0,0,0,0,0,0,0,0,0,0,0,0,0,0,0,0,0,0,0,0,0,0,0,0,1,0,8,3,0,0,0,0,0,0,0.0,0,0,0,0,0,0,0,0,0,0,0,0,0,0,0,0,0,0,0,0,0,0,0,0,0,0,0,0,0,0,0,0,0,0,0,3319,0.0,0.0,0.07080445917445014,0.07080445917445014,0.07231093702922567,51.87,['HTTP_Request_Smuggling']
http://localhost:5050/invoices/http_request_smuggling-duplicate_content_length_accepted,200,0,0.35,305,4.761025505161192,0.0,0,0,0,0,0,0.0,0,0,0,0,0,0,0,0,0,0,0,0,0,0,0,0,0,0,0,0,0,0,0,0,0,0,0,0,0,0,1,0,8,3,0,0,0,0,0,0,0.0,0,0,0,0,0,0,0,0,0,0,0,0,0,0,0,0,0,0,0,0,0,0,0,0,0,0,0,0,0,0,0,0,0,0,0,3319,0.0,0.0,0.07080445917445014,0.07080445917445014,0.07231093702922567,51.85,['HTTP_Request_Smuggling']
http://localhost:5050/invoices/csrf-sensitive_transfer_no_token,405,0,0.14,153,4.599963902086099,0.0,0,0,0,0,0,0.0,0,0,0,0,0,0,0,0,0,0,0,0,0,0,0,0,0,0,0,0,0,0,0,0,0,0,0,0,0,0,0,0,8,3,0,0,0,0,0,0,0.0,0,0,0,0,0,0,0,0,0,0,0,0,0,0,0,0,0,0,1,0,0,0,0,0,0,0,0,0,0,0,0,0,0,0,0,1386,0.03333333333333333,0.0,1.0,0.8578643578643579,1.0,60.83,['CSRF']
http://localhost:5050/invoices/xpath_injection-search_xpath_concat,200,0,0.16,295,4.84720911878512,0.0,0,0,0,0,0,0.0,0,0,0,0,0,0,0,0,0,0,0,0,0,0,0,0,0,0,0,0,0,0,0,0,0,0,0,0,0,0,0,0,8,3,0,1,0,0,2,0,0.0,0,0,0,0,0,0,0,0,0,0,0,0,0,1,0,0,0,0,0,0,0,1,0,0,0,0,0,0,0,0,0,0,0,0,0,3106,0.06666666666666667,0.003219575016097875,0.07566001287830007,0.07566001287830007,0.1339343206696716,65.92,['XPATH_Injection']
http://localhost:5050/invoices/ratelimit-login_endpoint_no_throttle,405,0,0.2,153,4.599963902086099,0.0,0,0,0,0,0,0.0,0,0,0,0,0,0,0,0,0,0,0,0,0,0,0,0,0,0,0,0,0,0,0,0,0,0,0,0,0,0,0,0,8,3,0,0,0,0,0,0,0.0,0,0,0,0,0,0,0,0,0,0,0,0,0,0,0,0,0,0,1,0,0,0,0,0,0,0,0,0,0,0,0,0,0,0,0,1385,0.03333333333333333,0.0,1.0,0.8584837545126354,1.0,60.83,['RateLimit']
http://localhost:5050/invoices/cors-reflect_origin_credentials_true,200,0,0.13,338,4.881097243794363,0.0,0,0,0,0,0,0.0,0,0,0,0,0,0,0,0,0,0,0,0,0,0,0,0,0,0,0,0,0,0,0,0,0,0,0,0,0,0,0,0,8,3,0,1,1,0,0,0,0.0,0,0,0,0,0,0,0,0,0,0,0,0,0,0,0,0,0,0,0,0,0,0,0,0,0,0,0,0,0,0,0,0,0,0,0,3319,0.0,0.0,0.07080445917445014,0.07080445917445014,0.07231093702922567,52.33,['CORS']
http://localhost:5050/invoices/cors-wildcard_origin_sensitive_endpoint,200,0,0.14,277,4.684834067596438,0.0,0,0,0,0,0,0.0,0,0,0,0,0,0,0,0,0,0,0,0,0,0,0,0,0,0,0,0,0,0,0,0,0,0,0,0,0,0,0,0,8,3,0,0,0,0,0,0,0.0,0,0,0,0,0,0,0,0,0,0,0,0,0,0,0,0,0,0,0,0,0,0,0,0,0,0,0,0,0,0,0,0,0,0,0,3319,0.0,0.0,0.07080445917445014,0.07080445917445014,0.07231093702922567,52.21,['CORS']
http://localhost:5050/invoices/csrf-delete_no_token,200,0,0.16,251,4.838952453608736,0.0,0,0,0,0,0,0.0,0,0,0,0,0,0,0,0,0,0,0,0,0,0,0,0,0,0,0,0,0,0,0,0,0,0,0,0,0,0,0,0,8,3,0,0,0,0,0,0,0.0,0,0,0,0,0,0,1,0,0,0,0,0,1,1,0,0,0,0,0,0,0,1,0,0,0,0,0,0,0,0,0,0,0,0,0,2866,0.13333333333333333,0.047801814375436145,0.08199581297976273,0.08199581297976273,0.188764829030007,69.1,['CSRF']
http://localhost:5050/invoices/ratelimit-password_reset_no_throttle,200,0,0.23,269,4.68271587672899,0.0,0,0,0,0,0,0.0,0,0,0,0,0,0,0,0,0,0,0,0,0,0,0,0,0,0,0,0,0,0,0,0,0,0,0,0,0,0,0,0,8,3,0,0,0,0,0,0,0.0,0,0,0,0,0,0,0,0,0,0,0,0,0,0,0,0,0,0,0,0,0,0,0,0,0,0,0,0,0,0,0,0,0,0,0,3319,0.0,0.0,0.07080445917445014,0.07080445917445014,0.07231093702922567,52.67,['RateLimit']
http://localhost:5050/invoices/infodisc-stack_trace_leak_on_error,200,0,0.29,135,4.681461730559927,0.0,0,0,0,0,0,0.0,0,0,0,0,0,0,0,0,0,0,0,0,0,0,0,0,0,0,0,0,0,0,0,0,0,0,0,0,0,0,0,0,8,3,0,0,0,0,0,0,0.0,0,0,0,0,0,0,0,0,0,0,0,0,0,0,0,0,0,0,0,0,0,0,0,0,0,0,0,0,0,0,0,0,0,0,0,3319,0.0,0.0,0.07080445917445014,0.07080445917445014,0.07231093702922567,52.85,['InfoDisc']
http://localhost:5050/invoices/infodisc-verbose_server_version_header,200,0,0.26,258,4.966990531165856,0.0,0,0,0,0,0,0.0,0,0,0,0,0,0,0,0,0,0,0,0,0,0,0,0,0,0,0,0,0,0,0,0,0,0,0,0,0,0,0,0,8,3,0,0,0,0,0,0,0.0,0,0,0,0,0,0,0,0,0,0,0,0,0,0,0,0,0,0,0,0,0,0,0,0,0,0,0,0,0,0,0,0,0,0,0,3319,0.0,0.0,0.07080445917445014,0.07080445917445014,0.07231093702922567,52.12,['InfoDisc']
